Workbook

Sheet 안내
A1: AI 수업 렌즈 · 연수 의견 모아 보기
A3: 이 시트는 웹앱 2장 '멈춰서 생각하기'에서 선생님들이 고른 선택(A~D)을 모아 집계합니다. 이름·학교 등 개인 정보는 받지 않고, 선택 번호와 익명 접속 번호만 저장합니다.
A5: 시트 구성
A6: 응답 — 웹앱이 보낸 선택이 한 줄씩 쌓임 (직접 수정하지 않음)
A7: 집계 — 의사결정 지점 3곳의 선택별 인원과 비율 (자동 계산)
A9: 사용 순서
A10: 1. 이 파일을 구글 드라이브에 올리고 '구글 스프레드시트로 열기'
A11: 2. 확장 프로그램 → Apps Script → Code.gs 내용을 붙여넣고 저장
A12: 3. 배포 → 새 배포 → 유형 '웹 앱' → 실행: 나 / 액세스: 모든 사용자 → 배포
A13: 4. 나온 '웹 앱 URL'을 Claude에게 알려 주면 웹앱에 연결
A15: 응답 시트 열 설명
A16: 시각 — 선택한 시각 (자동)
... A24: ※ 연수가 끝나면 이 파일을 삭제하거나 웹 앱 배포를 '배포 취소'하면 수집이 멈춥니다.

Sheet 집계
A1: 의사결정 지점별 선택 집계
A2: 응답 시트를 읽어 자동 계산됩니다. 입력할 셀은 없습니다. (노란 칸의 발표자 선택 표시만 필요하면 수정)
A4: 도구 — 이 AI, 학생이 써도 될까?
A5: 선택 | B5: 보기 | C5: 인원(명) | D5: 비율 | E5: 발표자 선택
A6: A | B6: 연령 제한을 확인하고 동의서를 받은 뒤 학생이 직접 사용 | C6: =COUNTIFS(응답!$B:$B,"도구",응답!$C:$C,A6) -> 0 | D6: =IF(C10=0,0,C6/C10) -> 0
A7: B | B7: 연령 제한 확인 → 동의서 → 교사가 시연하며 제작 과정 공유 | C7: =COUNTIFS(응답!$B:$B,"도구",응답!$C:$C,A7) -> 0 | D7: =IF(C10=0,0,C7/C10) -> 0 | E7: ●
A8: C | B8: 학생이 쓸 수 있는 다른 도구로 바꿈 | C8: =COUNTIFS(응답!$B:$B,"도구",응답!$C:$C,A8) -> 0 | D8: =IF(C10=0,0,C8/C10) -> 0
A9: D | B9: 해당 AI는 수업에서 쓰지 않음 | C9: =COUNTIFS(응답!$B:$B,"도구",응답!$C:$C,A9) -> 0 | D9: =IF(C10=0,0,C9/C10) -> 0
A10: 합계 | C10: =SUM(C6:C9) -> 0 | D10: =SUM(D6:D9) -> 0
A12: 결과 — AI 결과, 믿어도 될까?
A13: 선택 | B13: 보기 | C13: 인원(명) | D13: 비율 | E13: 발표자 선택
A14: A | B14: 교사가 미리 오류를 고쳐서 학생에게 제공 | C14: =COUNTIFS(응답!$B:$B,"결과",응답!$C:$C,A14) -> 0 | D14: =IF(C18=0,0,C14/C18) -> 0
A15: B | B15: 오류가 있음을 먼저 안내하고 학생이 다른 자료와 대조해 직접 검증 | C15: =COUNTIFS(응답!$B:$B,"결과",응답!$C:$C,A15) -> 0 | D15: =IF(C18=0,0,C15/C18) -> 0 | E15: ●
A16: C | B16: 일단 활용하고 마지막에 한꺼번에 확인 | C16: =COUNTIFS(응답!$B:$B,"결과",응답!$C:$C,A16) -> 0 | D16: =IF(C18=0,0,C16/C18) -> 0
A17: D | B17: AI가 만든 결과는 수업에 쓰지 않음 | C17: =COUNTIFS(응답!$B:$B,"결과",응답!$C:$C,A17) -> 0 | D17: =IF(C18=0,0,C17/C18) -> 0
A18: 합계 | C18: =SUM(C14:C17) -> 0 | D18: =SUM(D14:D17) -> 0
A20: 역할 — AI 역할, 어디까지 맡길까?
A21: 선택 | B21: 보기 | C21: 인원(명) | D21: 비율 | E21: 발표자 선택
A22: A | B22: 대본 전체를 AI에게 맡기고 학생은 다듬기만 | C22: =COUNTIFS(응답!$B:$B,"역할",응답!$C:$C,A22) -> 0 | D22: =IF(C26=0,0,C22/C26) -> 0
A23: B | B23: AI 역할을 대본 수정·질문 보완으로 제한하고 학생이 직접 시나리오 작성 | C23: =COUNTIFS(응답!$B:$B,"역할",응답!$C:$C,A23) -> 0 | D23: =IF(C26=0,0,C23/C26) -> 0 | E23: ●
A24: C | B24: 학생이 쓴 뒤 AI가 완성도 있게 다시 써 줌 | C24: =COUNTIFS(응답!$B:$B,"역할",응답!$C:$C,A24) -> 0 | D24: =IF(C26=0,0,C24/C26) -> 0
A25: D | B25: AI는 쓰지 않음 | C25: =COUNTIFS(응답!$B:$B,"역할",응답!$C:$C,A25) -> 0 | D25: =IF(C26=0,0,C25/C26) -> 0
A26: 합계 | C26: =SUM(C22:C25) -> 0 | D26: =SUM(D22:D25) -> 0

Sheet 응답
A1: 시각 | B1: 지점 | C1: 선택 | D1: 접속번호
